hospital_name,hospital_system,region,mrf_url,hospital_engine_status,procedure_name,code_type,procedure_code,care_setting,is_primary,scan_priority,scan_status,local_path,local_scan_status,match_count,search_ready_count,scan_scope
Cedars-Sinai Medical Center,Cedars-Sinai,Los Angeles,https://www.cedars-sinai.org/content/dam/cedars-sinai/billing-insurance/documents/951644600_CEDARS-SINAI-MEDICAL-CENTER_standardcharges.json,source_known_needs_indexing,Gallbladder removal,CPT,47562,outpatient,true,1,queued,C:\Users\sam\Documents\healthscan\data\raw\mrf\cedars-sinai-standardcharges.json,matched,5,5,large_local_json
Cedars-Sinai Medical Center,Cedars-Sinai,Los Angeles,https://www.cedars-sinai.org/content/dam/cedars-sinai/billing-insurance/documents/951644600_CEDARS-SINAI-MEDICAL-CENTER_standardcharges.json,source_known_needs_indexing,Gallbladder removal,CPT,47563,outpatient,false,2,queued,C:\Users\sam\Documents\healthscan\data\raw\mrf\cedars-sinai-standardcharges.json,matched,5,5,large_local_json
Cedars-Sinai Medical Center,Cedars-Sinai,Los Angeles,https://www.cedars-sinai.org/content/dam/cedars-sinai/billing-insurance/documents/951644600_CEDARS-SINAI-MEDICAL-CENTER_standardcharges.json,source_known_needs_indexing,Hernia repair,CPT,49505,outpatient,true,1,queued,C:\Users\sam\Documents\healthscan\data\raw\mrf\cedars-sinai-standardcharges.json,matched,5,5,large_local_json
Cedars-Sinai Medical Center,Cedars-Sinai,Los Angeles,https://www.cedars-sinai.org/content/dam/cedars-sinai/billing-insurance/documents/951644600_CEDARS-SINAI-MEDICAL-CENTER_standardcharges.json,source_known_needs_indexing,Hernia repair,CPT,49650,outpatient,false,2,queued,C:\Users\sam\Documents\healthscan\data\raw\mrf\cedars-sinai-standardcharges.json,matched,5,5,large_local_json
Cedars-Sinai Medical Center,Cedars-Sinai,Los Angeles,https://www.cedars-sinai.org/content/dam/cedars-sinai/billing-insurance/documents/951644600_CEDARS-SINAI-MEDICAL-CENTER_standardcharges.json,source_known_needs_indexing,Hysterectomy,CPT,58571,outpatient,true,1,queued,C:\Users\sam\Documents\healthscan\data\raw\mrf\cedars-sinai-standardcharges.json,matched,2,2,large_local_json
Cedars-Sinai Medical Center,Cedars-Sinai,Los Angeles,https://www.cedars-sinai.org/content/dam/cedars-sinai/billing-insurance/documents/951644600_CEDARS-SINAI-MEDICAL-CENTER_standardcharges.json,source_known_needs_indexing,Hysterectomy,CPT,58150,outpatient,false,2,queued,C:\Users\sam\Documents\healthscan\data\raw\mrf\cedars-sinai-standardcharges.json,matched,2,2,large_local_json
Cedars-Sinai Medical Center,Cedars-Sinai,Los Angeles,https://www.cedars-sinai.org/content/dam/cedars-sinai/billing-insurance/documents/951644600_CEDARS-SINAI-MEDICAL-CENTER_standardcharges.json,source_known_needs_indexing,Cataract surgery,CPT,66984,outpatient,true,1,queued,C:\Users\sam\Documents\healthscan\data\raw\mrf\cedars-sinai-standardcharges.json,matched,2,2,large_local_json
Cedars-Sinai Medical Center,Cedars-Sinai,Los Angeles,https://www.cedars-sinai.org/content/dam/cedars-sinai/billing-insurance/documents/951644600_CEDARS-SINAI-MEDICAL-CENTER_standardcharges.json,source_known_needs_indexing,Upper endoscopy,CPT,43235,outpatient,true,1,queued,C:\Users\sam\Documents\healthscan\data\raw\mrf\cedars-sinai-standardcharges.json,matched,5,5,large_local_json
Cedars-Sinai Medical Center,Cedars-Sinai,Los Angeles,https://www.cedars-sinai.org/content/dam/cedars-sinai/billing-insurance/documents/951644600_CEDARS-SINAI-MEDICAL-CENTER_standardcharges.json,source_known_needs_indexing,Upper endoscopy,CPT,43239,outpatient,false,2,queued,C:\Users\sam\Documents\healthscan\data\raw\mrf\cedars-sinai-standardcharges.json,matched,5,5,large_local_json
Cedars-Sinai Medical Center,Cedars-Sinai,Los Angeles,https://www.cedars-sinai.org/content/dam/cedars-sinai/billing-insurance/documents/951644600_CEDARS-SINAI-MEDICAL-CENTER_standardcharges.json,source_known_needs_indexing,Screening mammogram,CPT,77067,outpatient,true,1,queued,C:\Users\sam\Documents\healthscan\data\raw\mrf\cedars-sinai-standardcharges.json,matched,2,2,large_local_json
Cedars-Sinai Medical Center,Cedars-Sinai,Los Angeles,https://www.cedars-sinai.org/content/dam/cedars-sinai/billing-insurance/documents/951644600_CEDARS-SINAI-MEDICAL-CENTER_standardcharges.json,source_known_needs_indexing,Chest X-ray,CPT,71046,outpatient,true,1,queued,C:\Users\sam\Documents\healthscan\data\raw\mrf\cedars-sinai-standardcharges.json,matched,2,2,large_local_json
Cedars-Sinai Medical Center,Cedars-Sinai,Los Angeles,https://www.cedars-sinai.org/content/dam/cedars-sinai/billing-insurance/documents/951644600_CEDARS-SINAI-MEDICAL-CENTER_standardcharges.json,source_known_needs_indexing,Chest X-ray,CPT,71045,outpatient,false,2,queued,C:\Users\sam\Documents\healthscan\data\raw\mrf\cedars-sinai-standardcharges.json,matched,2,2,large_local_json
Cedars-Sinai Medical Center,Cedars-Sinai,Los Angeles,https://www.cedars-sinai.org/content/dam/cedars-sinai/billing-insurance/documents/951644600_CEDARS-SINAI-MEDICAL-CENTER_standardcharges.json,source_known_needs_indexing,Abdominal ultrasound,CPT,76700,outpatient,true,1,queued,C:\Users\sam\Documents\healthscan\data\raw\mrf\cedars-sinai-standardcharges.json,matched,2,2,large_local_json
Cedars-Sinai Medical Center,Cedars-Sinai,Los Angeles,https://www.cedars-sinai.org/content/dam/cedars-sinai/billing-insurance/documents/951644600_CEDARS-SINAI-MEDICAL-CENTER_standardcharges.json,source_known_needs_indexing,Abdominal ultrasound,CPT,76705,outpatient,false,2,queued,C:\Users\sam\Documents\healthscan\data\raw\mrf\cedars-sinai-standardcharges.json,matched,2,2,large_local_json
Cedars-Sinai Medical Center,Cedars-Sinai,Los Angeles,https://www.cedars-sinai.org/content/dam/cedars-sinai/billing-insurance/documents/951644600_CEDARS-SINAI-MEDICAL-CENTER_standardcharges.json,source_known_needs_indexing,Echocardiogram,CPT,93306,outpatient,true,1,queued,C:\Users\sam\Documents\healthscan\data\raw\mrf\cedars-sinai-standardcharges.json,matched,2,2,large_local_json
Cedars-Sinai Medical Center,Cedars-Sinai,Los Angeles,https://www.cedars-sinai.org/content/dam/cedars-sinai/billing-insurance/documents/951644600_CEDARS-SINAI-MEDICAL-CENTER_standardcharges.json,source_known_needs_indexing,EKG,CPT,93000,outpatient,true,1,queued,C:\Users\sam\Documents\healthscan\data\raw\mrf\cedars-sinai-standardcharges.json,matched,2,2,large_local_json
Cedars-Sinai Medical Center,Cedars-Sinai,Los Angeles,https://www.cedars-sinai.org/content/dam/cedars-sinai/billing-insurance/documents/951644600_CEDARS-SINAI-MEDICAL-CENTER_standardcharges.json,source_known_needs_indexing,EKG,CPT,93005,outpatient,false,2,queued,C:\Users\sam\Documents\healthscan\data\raw\mrf\cedars-sinai-standardcharges.json,matched,2,2,large_local_json
Cedars-Sinai Medical Center,Cedars-Sinai,Los Angeles,https://www.cedars-sinai.org/content/dam/cedars-sinai/billing-insurance/documents/951644600_CEDARS-SINAI-MEDICAL-CENTER_standardcharges.json,source_known_needs_indexing,Physical therapy evaluation,CPT,97161,outpatient,true,1,queued,C:\Users\sam\Documents\healthscan\data\raw\mrf\cedars-sinai-standardcharges.json,matched,52,52,large_local_json
Cedars-Sinai Medical Center,Cedars-Sinai,Los Angeles,https://www.cedars-sinai.org/content/dam/cedars-sinai/billing-insurance/documents/951644600_CEDARS-SINAI-MEDICAL-CENTER_standardcharges.json,source_known_needs_indexing,Physical therapy evaluation,CPT,97162,outpatient,false,2,queued,C:\Users\sam\Documents\healthscan\data\raw\mrf\cedars-sinai-standardcharges.json,matched,52,52,large_local_json
Cedars-Sinai Medical Center,Cedars-Sinai,Los Angeles,https://www.cedars-sinai.org/content/dam/cedars-sinai/billing-insurance/documents/951644600_CEDARS-SINAI-MEDICAL-CENTER_standardcharges.json,source_known_needs_indexing,Complete blood count,CPT,85025,outpatient,true,1,queued,C:\Users\sam\Documents\healthscan\data\raw\mrf\cedars-sinai-standardcharges.json,matched,4,4,large_local_json
Cedars-Sinai Medical Center,Cedars-Sinai,Los Angeles,https://www.cedars-sinai.org/content/dam/cedars-sinai/billing-insurance/documents/951644600_CEDARS-SINAI-MEDICAL-CENTER_standardcharges.json,source_known_needs_indexing,Complete blood count,CPT,85027,outpatient,false,2,queued,C:\Users\sam\Documents\healthscan\data\raw\mrf\cedars-sinai-standardcharges.json,matched,4,4,large_local_json
Cedars-Sinai Medical Center,Cedars-Sinai,Los Angeles,https://www.cedars-sinai.org/content/dam/cedars-sinai/billing-insurance/documents/951644600_CEDARS-SINAI-MEDICAL-CENTER_standardcharges.json,source_known_needs_indexing,Basic metabolic panel,CPT,80048,outpatient,true,1,queued,C:\Users\sam\Documents\healthscan\data\raw\mrf\cedars-sinai-standardcharges.json,matched,2,2,large_local_json
Cedars-Sinai Medical Center,Cedars-Sinai,Los Angeles,https://www.cedars-sinai.org/content/dam/cedars-sinai/billing-insurance/documents/951644600_CEDARS-SINAI-MEDICAL-CENTER_standardcharges.json,source_known_needs_indexing,Lipid panel,CPT,80061,outpatient,true,1,queued,C:\Users\sam\Documents\healthscan\data\raw\mrf\cedars-sinai-standardcharges.json,matched,47,47,large_local_json
Cedars-Sinai Medical Center,Cedars-Sinai,Los Angeles,https://www.cedars-sinai.org/content/dam/cedars-sinai/billing-insurance/documents/951644600_CEDARS-SINAI-MEDICAL-CENTER_standardcharges.json,source_known_needs_indexing,Hemoglobin A1c,CPT,83036,outpatient,true,1,queued,C:\Users\sam\Documents\healthscan\data\raw\mrf\cedars-sinai-standardcharges.json,matched,47,47,large_local_json
Cedars-Sinai Medical Center,Cedars-Sinai,Los Angeles,https://www.cedars-sinai.org/content/dam/cedars-sinai/billing-insurance/documents/951644600_CEDARS-SINAI-MEDICAL-CENTER_standardcharges.json,source_known_needs_indexing,COVID test,CPT,87635,outpatient,true,1,queued,C:\Users\sam\Documents\healthscan\data\raw\mrf\cedars-sinai-standardcharges.json,matched,47,47,large_local_json
Cedars-Sinai Medical Center,Cedars-Sinai,Los Angeles,https://www.cedars-sinai.org/content/dam/cedars-sinai/billing-insurance/documents/951644600_CEDARS-SINAI-MEDICAL-CENTER_standardcharges.json,source_known_needs_indexing,COVID test,CPT,87426,outpatient,false,2,queued,C:\Users\sam\Documents\healthscan\data\raw\mrf\cedars-sinai-standardcharges.json,matched,47,47,large_local_json
Cedars-Sinai Medical Center,Cedars-Sinai,Los Angeles,https://www.cedars-sinai.org/content/dam/cedars-sinai/billing-insurance/documents/951644600_CEDARS-SINAI-MEDICAL-CENTER_standardcharges.json,source_known_needs_indexing,Sleep study,CPT,95810,outpatient,true,1,queued,C:\Users\sam\Documents\healthscan\data\raw\mrf\cedars-sinai-standardcharges.json,matched,3,3,large_local_json
Cedars-Sinai Medical Center,Cedars-Sinai,Los Angeles,https://www.cedars-sinai.org/content/dam/cedars-sinai/billing-insurance/documents/951644600_CEDARS-SINAI-MEDICAL-CENTER_standardcharges.json,source_known_needs_indexing,Sleep study,CPT,95811,outpatient,false,2,queued,C:\Users\sam\Documents\healthscan\data\raw\mrf\cedars-sinai-standardcharges.json,matched,2,2,large_local_json
Cedars-Sinai Medical Center,Cedars-Sinai,Los Angeles,https://www.cedars-sinai.org/content/dam/cedars-sinai/billing-insurance/documents/951644600_CEDARS-SINAI-MEDICAL-CENTER_standardcharges.json,source_known_needs_indexing,Tonsillectomy,CPT,42826,outpatient,true,1,queued,C:\Users\sam\Documents\healthscan\data\raw\mrf\cedars-sinai-standardcharges.json,matched,5,5,large_local_json
Cedars-Sinai Medical Center,Cedars-Sinai,Los Angeles,https://www.cedars-sinai.org/content/dam/cedars-sinai/billing-insurance/documents/951644600_CEDARS-SINAI-MEDICAL-CENTER_standardcharges.json,source_known_needs_indexing,Tonsillectomy,CPT,42825,outpatient,false,2,queued,C:\Users\sam\Documents\healthscan\data\raw\mrf\cedars-sinai-standardcharges.json,matched,5,5,large_local_json
Cedars-Sinai Medical Center,Cedars-Sinai,Los Angeles,https://www.cedars-sinai.org/content/dam/cedars-sinai/billing-insurance/documents/951644600_CEDARS-SINAI-MEDICAL-CENTER_standardcharges.json,source_known_needs_indexing,Mastectomy,CPT,19303,outpatient,true,1,queued,C:\Users\sam\Documents\healthscan\data\raw\mrf\cedars-sinai-standardcharges.json,matched,5,5,large_local_json
Cedars-Sinai Medical Center,Cedars-Sinai,Los Angeles,https://www.cedars-sinai.org/content/dam/cedars-sinai/billing-insurance/documents/951644600_CEDARS-SINAI-MEDICAL-CENTER_standardcharges.json,source_known_needs_indexing,Mastectomy,CPT,19301,outpatient,false,2,queued,C:\Users\sam\Documents\healthscan\data\raw\mrf\cedars-sinai-standardcharges.json,matched,5,5,large_local_json
Cedars-Sinai Medical Center,Cedars-Sinai,Los Angeles,https://www.cedars-sinai.org/content/dam/cedars-sinai/billing-insurance/documents/951644600_CEDARS-SINAI-MEDICAL-CENTER_standardcharges.json,source_known_needs_indexing,Prostate biopsy,CPT,55700,outpatient,true,1,queued,C:\Users\sam\Documents\healthscan\data\raw\mrf\cedars-sinai-standardcharges.json,matched,5,5,large_local_json
Ronald Reagan UCLA Medical Center,UCLA Health,Los Angeles,https://www.uclahealth.org/sites/default/files/cms-hpt/956006143_ronald-reagan-ucla-medical-center_standardcharges.json,search_ready,Gallbladder removal,CPT,47562,outpatient,true,1,queued,C:\Users\sam\Documents\healthscan\data\raw\mrf\ucla-ronald-reagan-standardcharges.json,matched,24,24,large_local_json
Ronald Reagan UCLA Medical Center,UCLA Health,Los Angeles,https://www.uclahealth.org/sites/default/files/cms-hpt/956006143_ronald-reagan-ucla-medical-center_standardcharges.json,search_ready,Gallbladder removal,CPT,47563,outpatient,false,2,queued,C:\Users\sam\Documents\healthscan\data\raw\mrf\ucla-ronald-reagan-standardcharges.json,matched,21,21,large_local_json
Ronald Reagan UCLA Medical Center,UCLA Health,Los Angeles,https://www.uclahealth.org/sites/default/files/cms-hpt/956006143_ronald-reagan-ucla-medical-center_standardcharges.json,search_ready,Hernia repair,CPT,49505,outpatient,true,1,queued,C:\Users\sam\Documents\healthscan\data\raw\mrf\ucla-ronald-reagan-standardcharges.json,matched,24,24,large_local_json
Ronald Reagan UCLA Medical Center,UCLA Health,Los Angeles,https://www.uclahealth.org/sites/default/files/cms-hpt/956006143_ronald-reagan-ucla-medical-center_standardcharges.json,search_ready,Hernia repair,CPT,49650,outpatient,false,2,queued,C:\Users\sam\Documents\healthscan\data\raw\mrf\ucla-ronald-reagan-standardcharges.json,matched,23,23,large_local_json
Ronald Reagan UCLA Medical Center,UCLA Health,Los Angeles,https://www.uclahealth.org/sites/default/files/cms-hpt/956006143_ronald-reagan-ucla-medical-center_standardcharges.json,search_ready,Hysterectomy,CPT,58571,outpatient,true,1,queued,C:\Users\sam\Documents\healthscan\data\raw\mrf\ucla-ronald-reagan-standardcharges.json,matched,24,24,large_local_json
Ronald Reagan UCLA Medical Center,UCLA Health,Los Angeles,https://www.uclahealth.org/sites/default/files/cms-hpt/956006143_ronald-reagan-ucla-medical-center_standardcharges.json,search_ready,Hysterectomy,CPT,58150,outpatient,false,2,queued,C:\Users\sam\Documents\healthscan\data\raw\mrf\ucla-ronald-reagan-standardcharges.json,matched,1,1,large_local_json
Ronald Reagan UCLA Medical Center,UCLA Health,Los Angeles,https://www.uclahealth.org/sites/default/files/cms-hpt/956006143_ronald-reagan-ucla-medical-center_standardcharges.json,search_ready,Cataract surgery,CPT,66984,outpatient,true,1,queued,C:\Users\sam\Documents\healthscan\data\raw\mrf\ucla-ronald-reagan-standardcharges.json,matched,24,24,large_local_json
Ronald Reagan UCLA Medical Center,UCLA Health,Los Angeles,https://www.uclahealth.org/sites/default/files/cms-hpt/956006143_ronald-reagan-ucla-medical-center_standardcharges.json,search_ready,Upper endoscopy,CPT,43235,outpatient,true,1,queued,C:\Users\sam\Documents\healthscan\data\raw\mrf\ucla-ronald-reagan-standardcharges.json,matched,21,21,large_local_json
Ronald Reagan UCLA Medical Center,UCLA Health,Los Angeles,https://www.uclahealth.org/sites/default/files/cms-hpt/956006143_ronald-reagan-ucla-medical-center_standardcharges.json,search_ready,Upper endoscopy,CPT,43239,outpatient,false,2,queued,C:\Users\sam\Documents\healthscan\data\raw\mrf\ucla-ronald-reagan-standardcharges.json,matched,21,21,large_local_json
Ronald Reagan UCLA Medical Center,UCLA Health,Los Angeles,https://www.uclahealth.org/sites/default/files/cms-hpt/956006143_ronald-reagan-ucla-medical-center_standardcharges.json,search_ready,Screening mammogram,CPT,77067,outpatient,true,1,queued,C:\Users\sam\Documents\healthscan\data\raw\mrf\ucla-ronald-reagan-standardcharges.json,matched,19,19,large_local_json
Ronald Reagan UCLA Medical Center,UCLA Health,Los Angeles,https://www.uclahealth.org/sites/default/files/cms-hpt/956006143_ronald-reagan-ucla-medical-center_standardcharges.json,search_ready,Chest X-ray,CPT,71046,outpatient,true,1,queued,C:\Users\sam\Documents\healthscan\data\raw\mrf\ucla-ronald-reagan-standardcharges.json,matched,22,22,large_local_json
Ronald Reagan UCLA Medical Center,UCLA Health,Los Angeles,https://www.uclahealth.org/sites/default/files/cms-hpt/956006143_ronald-reagan-ucla-medical-center_standardcharges.json,search_ready,Chest X-ray,CPT,71045,outpatient,false,2,queued,C:\Users\sam\Documents\healthscan\data\raw\mrf\ucla-ronald-reagan-standardcharges.json,matched,22,22,large_local_json
Ronald Reagan UCLA Medical Center,UCLA Health,Los Angeles,https://www.uclahealth.org/sites/default/files/cms-hpt/956006143_ronald-reagan-ucla-medical-center_standardcharges.json,search_ready,Abdominal ultrasound,CPT,76700,outpatient,true,1,queued,C:\Users\sam\Documents\healthscan\data\raw\mrf\ucla-ronald-reagan-standardcharges.json,matched,22,22,large_local_json
Ronald Reagan UCLA Medical Center,UCLA Health,Los Angeles,https://www.uclahealth.org/sites/default/files/cms-hpt/956006143_ronald-reagan-ucla-medical-center_standardcharges.json,search_ready,Abdominal ultrasound,CPT,76705,outpatient,false,2,queued,C:\Users\sam\Documents\healthscan\data\raw\mrf\ucla-ronald-reagan-standardcharges.json,matched,22,22,large_local_json
Ronald Reagan UCLA Medical Center,UCLA Health,Los Angeles,https://www.uclahealth.org/sites/default/files/cms-hpt/956006143_ronald-reagan-ucla-medical-center_standardcharges.json,search_ready,Echocardiogram,CPT,93306,outpatient,true,1,queued,C:\Users\sam\Documents\healthscan\data\raw\mrf\ucla-ronald-reagan-standardcharges.json,matched,22,22,large_local_json
Ronald Reagan UCLA Medical Center,UCLA Health,Los Angeles,https://www.uclahealth.org/sites/default/files/cms-hpt/956006143_ronald-reagan-ucla-medical-center_standardcharges.json,search_ready,EKG,CPT,93000,outpatient,true,1,queued,C:\Users\sam\Documents\healthscan\data\raw\mrf\ucla-ronald-reagan-standardcharges.json,matched,1,1,large_local_json
Ronald Reagan UCLA Medical Center,UCLA Health,Los Angeles,https://www.uclahealth.org/sites/default/files/cms-hpt/956006143_ronald-reagan-ucla-medical-center_standardcharges.json,search_ready,EKG,CPT,93005,outpatient,false,2,queued,C:\Users\sam\Documents\healthscan\data\raw\mrf\ucla-ronald-reagan-standardcharges.json,no_match,0,0,large_local_json
Ronald Reagan UCLA Medical Center,UCLA Health,Los Angeles,https://www.uclahealth.org/sites/default/files/cms-hpt/956006143_ronald-reagan-ucla-medical-center_standardcharges.json,search_ready,Physical therapy evaluation,CPT,97161,outpatient,true,1,queued,C:\Users\sam\Documents\healthscan\data\raw\mrf\ucla-ronald-reagan-standardcharges.json,matched,18,18,large_local_json
Ronald Reagan UCLA Medical Center,UCLA Health,Los Angeles,https://www.uclahealth.org/sites/default/files/cms-hpt/956006143_ronald-reagan-ucla-medical-center_standardcharges.json,search_ready,Physical therapy evaluation,CPT,97162,outpatient,false,2,queued,C:\Users\sam\Documents\healthscan\data\raw\mrf\ucla-ronald-reagan-standardcharges.json,matched,18,18,large_local_json
Ronald Reagan UCLA Medical Center,UCLA Health,Los Angeles,https://www.uclahealth.org/sites/default/files/cms-hpt/956006143_ronald-reagan-ucla-medical-center_standardcharges.json,search_ready,Complete blood count,CPT,85025,outpatient,true,1,queued,C:\Users\sam\Documents\healthscan\data\raw\mrf\ucla-ronald-reagan-standardcharges.json,matched,21,21,large_local_json
Ronald Reagan UCLA Medical Center,UCLA Health,Los Angeles,https://www.uclahealth.org/sites/default/files/cms-hpt/956006143_ronald-reagan-ucla-medical-center_standardcharges.json,search_ready,Complete blood count,CPT,85027,outpatient,false,2,queued,C:\Users\sam\Documents\healthscan\data\raw\mrf\ucla-ronald-reagan-standardcharges.json,matched,21,21,large_local_json
Ronald Reagan UCLA Medical Center,UCLA Health,Los Angeles,https://www.uclahealth.org/sites/default/files/cms-hpt/956006143_ronald-reagan-ucla-medical-center_standardcharges.json,search_ready,Basic metabolic panel,CPT,80048,outpatient,true,1,queued,C:\Users\sam\Documents\healthscan\data\raw\mrf\ucla-ronald-reagan-standardcharges.json,matched,21,21,large_local_json
Ronald Reagan UCLA Medical Center,UCLA Health,Los Angeles,https://www.uclahealth.org/sites/default/files/cms-hpt/956006143_ronald-reagan-ucla-medical-center_standardcharges.json,search_ready,Lipid panel,CPT,80061,outpatient,true,1,queued,C:\Users\sam\Documents\healthscan\data\raw\mrf\ucla-ronald-reagan-standardcharges.json,matched,21,21,large_local_json
Ronald Reagan UCLA Medical Center,UCLA Health,Los Angeles,https://www.uclahealth.org/sites/default/files/cms-hpt/956006143_ronald-reagan-ucla-medical-center_standardcharges.json,search_ready,Hemoglobin A1c,CPT,83036,outpatient,true,1,queued,C:\Users\sam\Documents\healthscan\data\raw\mrf\ucla-ronald-reagan-standardcharges.json,matched,21,21,large_local_json
Ronald Reagan UCLA Medical Center,UCLA Health,Los Angeles,https://www.uclahealth.org/sites/default/files/cms-hpt/956006143_ronald-reagan-ucla-medical-center_standardcharges.json,search_ready,COVID test,CPT,87635,outpatient,true,1,queued,C:\Users\sam\Documents\healthscan\data\raw\mrf\ucla-ronald-reagan-standardcharges.json,matched,21,21,large_local_json
Ronald Reagan UCLA Medical Center,UCLA Health,Los Angeles,https://www.uclahealth.org/sites/default/files/cms-hpt/956006143_ronald-reagan-ucla-medical-center_standardcharges.json,search_ready,COVID test,CPT,87426,outpatient,false,2,queued,C:\Users\sam\Documents\healthscan\data\raw\mrf\ucla-ronald-reagan-standardcharges.json,matched,21,21,large_local_json
Ronald Reagan UCLA Medical Center,UCLA Health,Los Angeles,https://www.uclahealth.org/sites/default/files/cms-hpt/956006143_ronald-reagan-ucla-medical-center_standardcharges.json,search_ready,Sleep study,CPT,95810,outpatient,true,1,queued,C:\Users\sam\Documents\healthscan\data\raw\mrf\ucla-ronald-reagan-standardcharges.json,matched,22,22,large_local_json
Ronald Reagan UCLA Medical Center,UCLA Health,Los Angeles,https://www.uclahealth.org/sites/default/files/cms-hpt/956006143_ronald-reagan-ucla-medical-center_standardcharges.json,search_ready,Sleep study,CPT,95811,outpatient,false,2,queued,C:\Users\sam\Documents\healthscan\data\raw\mrf\ucla-ronald-reagan-standardcharges.json,matched,22,22,large_local_json
Ronald Reagan UCLA Medical Center,UCLA Health,Los Angeles,https://www.uclahealth.org/sites/default/files/cms-hpt/956006143_ronald-reagan-ucla-medical-center_standardcharges.json,search_ready,Tonsillectomy,CPT,42826,outpatient,true,1,queued,C:\Users\sam\Documents\healthscan\data\raw\mrf\ucla-ronald-reagan-standardcharges.json,matched,44,44,large_local_json
Ronald Reagan UCLA Medical Center,UCLA Health,Los Angeles,https://www.uclahealth.org/sites/default/files/cms-hpt/956006143_ronald-reagan-ucla-medical-center_standardcharges.json,search_ready,Tonsillectomy,CPT,42825,outpatient,false,2,queued,C:\Users\sam\Documents\healthscan\data\raw\mrf\ucla-ronald-reagan-standardcharges.json,matched,44,44,large_local_json
Ronald Reagan UCLA Medical Center,UCLA Health,Los Angeles,https://www.uclahealth.org/sites/default/files/cms-hpt/956006143_ronald-reagan-ucla-medical-center_standardcharges.json,search_ready,Mastectomy,CPT,19303,outpatient,true,1,queued,C:\Users\sam\Documents\healthscan\data\raw\mrf\ucla-ronald-reagan-standardcharges.json,matched,24,24,large_local_json
Ronald Reagan UCLA Medical Center,UCLA Health,Los Angeles,https://www.uclahealth.org/sites/default/files/cms-hpt/956006143_ronald-reagan-ucla-medical-center_standardcharges.json,search_ready,Mastectomy,CPT,19301,outpatient,false,2,queued,C:\Users\sam\Documents\healthscan\data\raw\mrf\ucla-ronald-reagan-standardcharges.json,matched,24,24,large_local_json
Ronald Reagan UCLA Medical Center,UCLA Health,Los Angeles,https://www.uclahealth.org/sites/default/files/cms-hpt/956006143_ronald-reagan-ucla-medical-center_standardcharges.json,search_ready,Prostate biopsy,CPT,55700,outpatient,true,1,queued,C:\Users\sam\Documents\healthscan\data\raw\mrf\ucla-ronald-reagan-standardcharges.json,matched,11,11,large_local_json
Keck Hospital of USC,Keck Medicine of USC,Los Angeles,https://hospitalpricedisclosure.com/download.aspx?pi=5fSixiuBb0ZpZwZgOthF7A*-*,search_ready,Gallbladder removal,CPT,47562,outpatient,true,1,queued,C:\Users\sam\Documents\healthscan\data\raw\mrf\keck-hospital-usc-standardcharges.csv,matched,19,19,full_local_csv
Keck Hospital of USC,Keck Medicine of USC,Los Angeles,https://hospitalpricedisclosure.com/download.aspx?pi=5fSixiuBb0ZpZwZgOthF7A*-*,search_ready,Gallbladder removal,CPT,47563,outpatient,false,2,queued,C:\Users\sam\Documents\healthscan\data\raw\mrf\keck-hospital-usc-standardcharges.csv,matched,19,19,full_local_csv
Keck Hospital of USC,Keck Medicine of USC,Los Angeles,https://hospitalpricedisclosure.com/download.aspx?pi=5fSixiuBb0ZpZwZgOthF7A*-*,search_ready,Hernia repair,CPT,49505,outpatient,true,1,queued,C:\Users\sam\Documents\healthscan\data\raw\mrf\keck-hospital-usc-standardcharges.csv,matched,19,19,full_local_csv
Keck Hospital of USC,Keck Medicine of USC,Los Angeles,https://hospitalpricedisclosure.com/download.aspx?pi=5fSixiuBb0ZpZwZgOthF7A*-*,search_ready,Hernia repair,CPT,49650,outpatient,false,2,queued,C:\Users\sam\Documents\healthscan\data\raw\mrf\keck-hospital-usc-standardcharges.csv,matched,19,19,full_local_csv
Keck Hospital of USC,Keck Medicine of USC,Los Angeles,https://hospitalpricedisclosure.com/download.aspx?pi=5fSixiuBb0ZpZwZgOthF7A*-*,search_ready,Hysterectomy,CPT,58571,outpatient,true,1,queued,C:\Users\sam\Documents\healthscan\data\raw\mrf\keck-hospital-usc-standardcharges.csv,matched,19,19,full_local_csv
Keck Hospital of USC,Keck Medicine of USC,Los Angeles,https://hospitalpricedisclosure.com/download.aspx?pi=5fSixiuBb0ZpZwZgOthF7A*-*,search_ready,Hysterectomy,CPT,58150,outpatient,false,2,queued,C:\Users\sam\Documents\healthscan\data\raw\mrf\keck-hospital-usc-standardcharges.csv,matched,8,8,full_local_csv
Keck Hospital of USC,Keck Medicine of USC,Los Angeles,https://hospitalpricedisclosure.com/download.aspx?pi=5fSixiuBb0ZpZwZgOthF7A*-*,search_ready,Cataract surgery,CPT,66984,outpatient,true,1,queued,C:\Users\sam\Documents\healthscan\data\raw\mrf\keck-hospital-usc-standardcharges.csv,matched,20,20,full_local_csv
Keck Hospital of USC,Keck Medicine of USC,Los Angeles,https://hospitalpricedisclosure.com/download.aspx?pi=5fSixiuBb0ZpZwZgOthF7A*-*,search_ready,Upper endoscopy,CPT,43235,outpatient,true,1,queued,C:\Users\sam\Documents\healthscan\data\raw\mrf\keck-hospital-usc-standardcharges.csv,matched,19,19,full_local_csv
Keck Hospital of USC,Keck Medicine of USC,Los Angeles,https://hospitalpricedisclosure.com/download.aspx?pi=5fSixiuBb0ZpZwZgOthF7A*-*,search_ready,Upper endoscopy,CPT,43239,outpatient,false,2,queued,C:\Users\sam\Documents\healthscan\data\raw\mrf\keck-hospital-usc-standardcharges.csv,matched,19,19,full_local_csv
Keck Hospital of USC,Keck Medicine of USC,Los Angeles,https://hospitalpricedisclosure.com/download.aspx?pi=5fSixiuBb0ZpZwZgOthF7A*-*,search_ready,Screening mammogram,CPT,77067,outpatient,true,1,queued,C:\Users\sam\Documents\healthscan\data\raw\mrf\keck-hospital-usc-standardcharges.csv,matched,22,22,full_local_csv
Keck Hospital of USC,Keck Medicine of USC,Los Angeles,https://hospitalpricedisclosure.com/download.aspx?pi=5fSixiuBb0ZpZwZgOthF7A*-*,search_ready,Chest X-ray,CPT,71046,outpatient,true,1,queued,C:\Users\sam\Documents\healthscan\data\raw\mrf\keck-hospital-usc-standardcharges.csv,matched,22,22,full_local_csv
Keck Hospital of USC,Keck Medicine of USC,Los Angeles,https://hospitalpricedisclosure.com/download.aspx?pi=5fSixiuBb0ZpZwZgOthF7A*-*,search_ready,Chest X-ray,CPT,71045,outpatient,false,2,queued,C:\Users\sam\Documents\healthscan\data\raw\mrf\keck-hospital-usc-standardcharges.csv,matched,22,22,full_local_csv
Keck Hospital of USC,Keck Medicine of USC,Los Angeles,https://hospitalpricedisclosure.com/download.aspx?pi=5fSixiuBb0ZpZwZgOthF7A*-*,search_ready,Abdominal ultrasound,CPT,76700,outpatient,true,1,queued,C:\Users\sam\Documents\healthscan\data\raw\mrf\keck-hospital-usc-standardcharges.csv,matched,22,22,full_local_csv
Keck Hospital of USC,Keck Medicine of USC,Los Angeles,https://hospitalpricedisclosure.com/download.aspx?pi=5fSixiuBb0ZpZwZgOthF7A*-*,search_ready,Abdominal ultrasound,CPT,76705,outpatient,false,2,queued,C:\Users\sam\Documents\healthscan\data\raw\mrf\keck-hospital-usc-standardcharges.csv,matched,22,22,full_local_csv
Keck Hospital of USC,Keck Medicine of USC,Los Angeles,https://hospitalpricedisclosure.com/download.aspx?pi=5fSixiuBb0ZpZwZgOthF7A*-*,search_ready,Echocardiogram,CPT,93306,outpatient,true,1,queued,C:\Users\sam\Documents\healthscan\data\raw\mrf\keck-hospital-usc-standardcharges.csv,matched,14,14,full_local_csv
Keck Hospital of USC,Keck Medicine of USC,Los Angeles,https://hospitalpricedisclosure.com/download.aspx?pi=5fSixiuBb0ZpZwZgOthF7A*-*,search_ready,EKG,CPT,93000,outpatient,true,1,queued,C:\Users\sam\Documents\healthscan\data\raw\mrf\keck-hospital-usc-standardcharges.csv,matched,5,5,full_local_csv
Keck Hospital of USC,Keck Medicine of USC,Los Angeles,https://hospitalpricedisclosure.com/download.aspx?pi=5fSixiuBb0ZpZwZgOthF7A*-*,search_ready,EKG,CPT,93005,outpatient,false,2,queued,C:\Users\sam\Documents\healthscan\data\raw\mrf\keck-hospital-usc-standardcharges.csv,matched,17,17,full_local_csv
Keck Hospital of USC,Keck Medicine of USC,Los Angeles,https://hospitalpricedisclosure.com/download.aspx?pi=5fSixiuBb0ZpZwZgOthF7A*-*,search_ready,Physical therapy evaluation,CPT,97161,outpatient,true,1,queued,C:\Users\sam\Documents\healthscan\data\raw\mrf\keck-hospital-usc-standardcharges.csv,matched,16,16,full_local_csv
Keck Hospital of USC,Keck Medicine of USC,Los Angeles,https://hospitalpricedisclosure.com/download.aspx?pi=5fSixiuBb0ZpZwZgOthF7A*-*,search_ready,Physical therapy evaluation,CPT,97162,outpatient,false,2,queued,C:\Users\sam\Documents\healthscan\data\raw\mrf\keck-hospital-usc-standardcharges.csv,matched,16,16,full_local_csv
Keck Hospital of USC,Keck Medicine of USC,Los Angeles,https://hospitalpricedisclosure.com/download.aspx?pi=5fSixiuBb0ZpZwZgOthF7A*-*,search_ready,Complete blood count,CPT,85025,outpatient,true,1,queued,C:\Users\sam\Documents\healthscan\data\raw\mrf\keck-hospital-usc-standardcharges.csv,matched,22,22,full_local_csv
Keck Hospital of USC,Keck Medicine of USC,Los Angeles,https://hospitalpricedisclosure.com/download.aspx?pi=5fSixiuBb0ZpZwZgOthF7A*-*,search_ready,Complete blood count,CPT,85027,outpatient,false,2,queued,C:\Users\sam\Documents\healthscan\data\raw\mrf\keck-hospital-usc-standardcharges.csv,matched,22,22,full_local_csv
Keck Hospital of USC,Keck Medicine of USC,Los Angeles,https://hospitalpricedisclosure.com/download.aspx?pi=5fSixiuBb0ZpZwZgOthF7A*-*,search_ready,Basic metabolic panel,CPT,80048,outpatient,true,1,queued,C:\Users\sam\Documents\healthscan\data\raw\mrf\keck-hospital-usc-standardcharges.csv,matched,22,22,full_local_csv
Keck Hospital of USC,Keck Medicine of USC,Los Angeles,https://hospitalpricedisclosure.com/download.aspx?pi=5fSixiuBb0ZpZwZgOthF7A*-*,search_ready,Lipid panel,CPT,80061,outpatient,true,1,queued,C:\Users\sam\Documents\healthscan\data\raw\mrf\keck-hospital-usc-standardcharges.csv,matched,22,22,full_local_csv
Keck Hospital of USC,Keck Medicine of USC,Los Angeles,https://hospitalpricedisclosure.com/download.aspx?pi=5fSixiuBb0ZpZwZgOthF7A*-*,search_ready,Hemoglobin A1c,CPT,83036,outpatient,true,1,queued,C:\Users\sam\Documents\healthscan\data\raw\mrf\keck-hospital-usc-standardcharges.csv,matched,22,22,full_local_csv
Keck Hospital of USC,Keck Medicine of USC,Los Angeles,https://hospitalpricedisclosure.com/download.aspx?pi=5fSixiuBb0ZpZwZgOthF7A*-*,search_ready,COVID test,CPT,87635,outpatient,true,1,queued,C:\Users\sam\Documents\healthscan\data\raw\mrf\keck-hospital-usc-standardcharges.csv,matched,22,22,full_local_csv
Keck Hospital of USC,Keck Medicine of USC,Los Angeles,https://hospitalpricedisclosure.com/download.aspx?pi=5fSixiuBb0ZpZwZgOthF7A*-*,search_ready,COVID test,CPT,87426,outpatient,false,2,queued,C:\Users\sam\Documents\healthscan\data\raw\mrf\keck-hospital-usc-standardcharges.csv,matched,18,18,full_local_csv
Keck Hospital of USC,Keck Medicine of USC,Los Angeles,https://hospitalpricedisclosure.com/download.aspx?pi=5fSixiuBb0ZpZwZgOthF7A*-*,search_ready,Sleep study,CPT,95810,outpatient,true,1,queued,C:\Users\sam\Documents\healthscan\data\raw\mrf\keck-hospital-usc-standardcharges.csv,matched,18,18,full_local_csv
Keck Hospital of USC,Keck Medicine of USC,Los Angeles,https://hospitalpricedisclosure.com/download.aspx?pi=5fSixiuBb0ZpZwZgOthF7A*-*,search_ready,Sleep study,CPT,95811,outpatient,false,2,queued,C:\Users\sam\Documents\healthscan\data\raw\mrf\keck-hospital-usc-standardcharges.csv,matched,18,18,full_local_csv
Keck Hospital of USC,Keck Medicine of USC,Los Angeles,https://hospitalpricedisclosure.com/download.aspx?pi=5fSixiuBb0ZpZwZgOthF7A*-*,search_ready,Tonsillectomy,CPT,42826,outpatient,true,1,queued,C:\Users\sam\Documents\healthscan\data\raw\mrf\keck-hospital-usc-standardcharges.csv,matched,19,19,full_local_csv
Keck Hospital of USC,Keck Medicine of USC,Los Angeles,https://hospitalpricedisclosure.com/download.aspx?pi=5fSixiuBb0ZpZwZgOthF7A*-*,search_ready,Tonsillectomy,CPT,42825,outpatient,false,2,queued,C:\Users\sam\Documents\healthscan\data\raw\mrf\keck-hospital-usc-standardcharges.csv,matched,19,19,full_local_csv
Keck Hospital of USC,Keck Medicine of USC,Los Angeles,https://hospitalpricedisclosure.com/download.aspx?pi=5fSixiuBb0ZpZwZgOthF7A*-*,search_ready,Mastectomy,CPT,19303,outpatient,true,1,queued,C:\Users\sam\Documents\healthscan\data\raw\mrf\keck-hospital-usc-standardcharges.csv,matched,19,19,full_local_csv
Keck Hospital of USC,Keck Medicine of USC,Los Angeles,https://hospitalpricedisclosure.com/download.aspx?pi=5fSixiuBb0ZpZwZgOthF7A*-*,search_ready,Mastectomy,CPT,19301,outpatient,false,2,queued,C:\Users\sam\Documents\healthscan\data\raw\mrf\keck-hospital-usc-standardcharges.csv,matched,19,19,full_local_csv
Keck Hospital of USC,Keck Medicine of USC,Los Angeles,https://hospitalpricedisclosure.com/download.aspx?pi=5fSixiuBb0ZpZwZgOthF7A*-*,search_ready,Prostate biopsy,CPT,55700,outpatient,true,1,queued,C:\Users\sam\Documents\healthscan\data\raw\mrf\keck-hospital-usc-standardcharges.csv,matched,5,5,full_local_csv
UC San Diego Medical Center,UC San Diego Health,San Diego,https://hsfiles.ucsd.edu/patientBilling/UC-San-Diego-Standard-Charges-956006144.json,search_ready,Gallbladder removal,CPT,47562,outpatient,true,1,queued,C:\Users\sam\Documents\healthscan\data\raw\mrf\ucsd-standardcharges.json,matched,191,191,large_local_json
UC San Diego Medical Center,UC San Diego Health,San Diego,https://hsfiles.ucsd.edu/patientBilling/UC-San-Diego-Standard-Charges-956006144.json,search_ready,Gallbladder removal,CPT,47563,outpatient,false,2,queued,C:\Users\sam\Documents\healthscan\data\raw\mrf\ucsd-standardcharges.json,matched,191,191,large_local_json
UC San Diego Medical Center,UC San Diego Health,San Diego,https://hsfiles.ucsd.edu/patientBilling/UC-San-Diego-Standard-Charges-956006144.json,search_ready,Hernia repair,CPT,49505,outpatient,true,1,queued,C:\Users\sam\Documents\healthscan\data\raw\mrf\ucsd-standardcharges.json,matched,191,191,large_local_json
UC San Diego Medical Center,UC San Diego Health,San Diego,https://hsfiles.ucsd.edu/patientBilling/UC-San-Diego-Standard-Charges-956006144.json,search_ready,Hernia repair,CPT,49650,outpatient,false,2,queued,C:\Users\sam\Documents\healthscan\data\raw\mrf\ucsd-standardcharges.json,matched,191,191,large_local_json
UC San Diego Medical Center,UC San Diego Health,San Diego,https://hsfiles.ucsd.edu/patientBilling/UC-San-Diego-Standard-Charges-956006144.json,search_ready,Hysterectomy,CPT,58571,outpatient,true,1,queued,C:\Users\sam\Documents\healthscan\data\raw\mrf\ucsd-standardcharges.json,matched,189,189,large_local_json
UC San Diego Medical Center,UC San Diego Health,San Diego,https://hsfiles.ucsd.edu/patientBilling/UC-San-Diego-Standard-Charges-956006144.json,search_ready,Hysterectomy,CPT,58150,outpatient,false,2,queued,C:\Users\sam\Documents\healthscan\data\raw\mrf\ucsd-standardcharges.json,matched,189,189,large_local_json
UC San Diego Medical Center,UC San Diego Health,San Diego,https://hsfiles.ucsd.edu/patientBilling/UC-San-Diego-Standard-Charges-956006144.json,search_ready,Cataract surgery,CPT,66984,outpatient,true,1,queued,C:\Users\sam\Documents\healthscan\data\raw\mrf\ucsd-standardcharges.json,matched,191,191,large_local_json
UC San Diego Medical Center,UC San Diego Health,San Diego,https://hsfiles.ucsd.edu/patientBilling/UC-San-Diego-Standard-Charges-956006144.json,search_ready,Upper endoscopy,CPT,43235,outpatient,true,1,queued,C:\Users\sam\Documents\healthscan\data\raw\mrf\ucsd-standardcharges.json,matched,188,188,large_local_json
UC San Diego Medical Center,UC San Diego Health,San Diego,https://hsfiles.ucsd.edu/patientBilling/UC-San-Diego-Standard-Charges-956006144.json,search_ready,Upper endoscopy,CPT,43239,outpatient,false,2,queued,C:\Users\sam\Documents\healthscan\data\raw\mrf\ucsd-standardcharges.json,matched,188,188,large_local_json
UC San Diego Medical Center,UC San Diego Health,San Diego,https://hsfiles.ucsd.edu/patientBilling/UC-San-Diego-Standard-Charges-956006144.json,search_ready,Screening mammogram,CPT,77067,outpatient,true,1,queued,C:\Users\sam\Documents\healthscan\data\raw\mrf\ucsd-standardcharges.json,matched,197,197,large_local_json
UC San Diego Medical Center,UC San Diego Health,San Diego,https://hsfiles.ucsd.edu/patientBilling/UC-San-Diego-Standard-Charges-956006144.json,search_ready,Chest X-ray,CPT,71046,outpatient,true,1,queued,C:\Users\sam\Documents\healthscan\data\raw\mrf\ucsd-standardcharges.json,matched,197,197,large_local_json
UC San Diego Medical Center,UC San Diego Health,San Diego,https://hsfiles.ucsd.edu/patientBilling/UC-San-Diego-Standard-Charges-956006144.json,search_ready,Chest X-ray,CPT,71045,outpatient,false,2,queued,C:\Users\sam\Documents\healthscan\data\raw\mrf\ucsd-standardcharges.json,matched,197,197,large_local_json
UC San Diego Medical Center,UC San Diego Health,San Diego,https://hsfiles.ucsd.edu/patientBilling/UC-San-Diego-Standard-Charges-956006144.json,search_ready,Abdominal ultrasound,CPT,76700,outpatient,true,1,queued,C:\Users\sam\Documents\healthscan\data\raw\mrf\ucsd-standardcharges.json,matched,196,196,large_local_json
UC San Diego Medical Center,UC San Diego Health,San Diego,https://hsfiles.ucsd.edu/patientBilling/UC-San-Diego-Standard-Charges-956006144.json,search_ready,Abdominal ultrasound,CPT,76705,outpatient,false,2,queued,C:\Users\sam\Documents\healthscan\data\raw\mrf\ucsd-standardcharges.json,matched,196,196,large_local_json
UC San Diego Medical Center,UC San Diego Health,San Diego,https://hsfiles.ucsd.edu/patientBilling/UC-San-Diego-Standard-Charges-956006144.json,search_ready,Echocardiogram,CPT,93306,outpatient,true,1,queued,C:\Users\sam\Documents\healthscan\data\raw\mrf\ucsd-standardcharges.json,matched,151,151,large_local_json
UC San Diego Medical Center,UC San Diego Health,San Diego,https://hsfiles.ucsd.edu/patientBilling/UC-San-Diego-Standard-Charges-956006144.json,search_ready,EKG,CPT,93000,outpatient,true,1,queued,C:\Users\sam\Documents\healthscan\data\raw\mrf\ucsd-standardcharges.json,no_match,0,0,large_local_json
UC San Diego Medical Center,UC San Diego Health,San Diego,https://hsfiles.ucsd.edu/patientBilling/UC-San-Diego-Standard-Charges-956006144.json,search_ready,EKG,CPT,93005,outpatient,false,2,queued,C:\Users\sam\Documents\healthscan\data\raw\mrf\ucsd-standardcharges.json,matched,196,196,large_local_json
UC San Diego Medical Center,UC San Diego Health,San Diego,https://hsfiles.ucsd.edu/patientBilling/UC-San-Diego-Standard-Charges-956006144.json,search_ready,Physical therapy evaluation,CPT,97161,outpatient,true,1,queued,C:\Users\sam\Documents\healthscan\data\raw\mrf\ucsd-standardcharges.json,matched,46,46,large_local_json
UC San Diego Medical Center,UC San Diego Health,San Diego,https://hsfiles.ucsd.edu/patientBilling/UC-San-Diego-Standard-Charges-956006144.json,search_ready,Physical therapy evaluation,CPT,97162,outpatient,false,2,queued,C:\Users\sam\Documents\healthscan\data\raw\mrf\ucsd-standardcharges.json,matched,46,46,large_local_json
UC San Diego Medical Center,UC San Diego Health,San Diego,https://hsfiles.ucsd.edu/patientBilling/UC-San-Diego-Standard-Charges-956006144.json,search_ready,Complete blood count,CPT,85025,outpatient,true,1,queued,C:\Users\sam\Documents\healthscan\data\raw\mrf\ucsd-standardcharges.json,matched,197,197,large_local_json
UC San Diego Medical Center,UC San Diego Health,San Diego,https://hsfiles.ucsd.edu/patientBilling/UC-San-Diego-Standard-Charges-956006144.json,search_ready,Complete blood count,CPT,85027,outpatient,false,2,queued,C:\Users\sam\Documents\healthscan\data\raw\mrf\ucsd-standardcharges.json,matched,197,197,large_local_json
UC San Diego Medical Center,UC San Diego Health,San Diego,https://hsfiles.ucsd.edu/patientBilling/UC-San-Diego-Standard-Charges-956006144.json,search_ready,Basic metabolic panel,CPT,80048,outpatient,true,1,queued,C:\Users\sam\Documents\healthscan\data\raw\mrf\ucsd-standardcharges.json,matched,197,197,large_local_json
UC San Diego Medical Center,UC San Diego Health,San Diego,https://hsfiles.ucsd.edu/patientBilling/UC-San-Diego-Standard-Charges-956006144.json,search_ready,Lipid panel,CPT,80061,outpatient,true,1,queued,C:\Users\sam\Documents\healthscan\data\raw\mrf\ucsd-standardcharges.json,matched,197,197,large_local_json
UC San Diego Medical Center,UC San Diego Health,San Diego,https://hsfiles.ucsd.edu/patientBilling/UC-San-Diego-Standard-Charges-956006144.json,search_ready,Hemoglobin A1c,CPT,83036,outpatient,true,1,queued,C:\Users\sam\Documents\healthscan\data\raw\mrf\ucsd-standardcharges.json,matched,197,197,large_local_json
UC San Diego Medical Center,UC San Diego Health,San Diego,https://hsfiles.ucsd.edu/patientBilling/UC-San-Diego-Standard-Charges-956006144.json,search_ready,COVID test,CPT,87635,outpatient,true,1,queued,C:\Users\sam\Documents\healthscan\data\raw\mrf\ucsd-standardcharges.json,matched,197,197,large_local_json
UC San Diego Medical Center,UC San Diego Health,San Diego,https://hsfiles.ucsd.edu/patientBilling/UC-San-Diego-Standard-Charges-956006144.json,search_ready,COVID test,CPT,87426,outpatient,false,2,queued,C:\Users\sam\Documents\healthscan\data\raw\mrf\ucsd-standardcharges.json,matched,182,182,large_local_json
UC San Diego Medical Center,UC San Diego Health,San Diego,https://hsfiles.ucsd.edu/patientBilling/UC-San-Diego-Standard-Charges-956006144.json,search_ready,Sleep study,CPT,95810,outpatient,true,1,queued,C:\Users\sam\Documents\healthscan\data\raw\mrf\ucsd-standardcharges.json,no_match,0,0,large_local_json
UC San Diego Medical Center,UC San Diego Health,San Diego,https://hsfiles.ucsd.edu/patientBilling/UC-San-Diego-Standard-Charges-956006144.json,search_ready,Sleep study,CPT,95811,outpatient,false,2,queued,C:\Users\sam\Documents\healthscan\data\raw\mrf\ucsd-standardcharges.json,no_match,0,0,large_local_json
UC San Diego Medical Center,UC San Diego Health,San Diego,https://hsfiles.ucsd.edu/patientBilling/UC-San-Diego-Standard-Charges-956006144.json,search_ready,Tonsillectomy,CPT,42826,outpatient,true,1,queued,C:\Users\sam\Documents\healthscan\data\raw\mrf\ucsd-standardcharges.json,matched,191,191,large_local_json
UC San Diego Medical Center,UC San Diego Health,San Diego,https://hsfiles.ucsd.edu/patientBilling/UC-San-Diego-Standard-Charges-956006144.json,search_ready,Tonsillectomy,CPT,42825,outpatient,false,2,queued,C:\Users\sam\Documents\healthscan\data\raw\mrf\ucsd-standardcharges.json,no_match,0,0,large_local_json
UC San Diego Medical Center,UC San Diego Health,San Diego,https://hsfiles.ucsd.edu/patientBilling/UC-San-Diego-Standard-Charges-956006144.json,search_ready,Mastectomy,CPT,19303,outpatient,true,1,queued,C:\Users\sam\Documents\healthscan\data\raw\mrf\ucsd-standardcharges.json,matched,189,189,large_local_json
UC San Diego Medical Center,UC San Diego Health,San Diego,https://hsfiles.ucsd.edu/patientBilling/UC-San-Diego-Standard-Charges-956006144.json,search_ready,Mastectomy,CPT,19301,outpatient,false,2,queued,C:\Users\sam\Documents\healthscan\data\raw\mrf\ucsd-standardcharges.json,matched,187,187,large_local_json
UC San Diego Medical Center,UC San Diego Health,San Diego,https://hsfiles.ucsd.edu/patientBilling/UC-San-Diego-Standard-Charges-956006144.json,search_ready,Prostate biopsy,CPT,55700,outpatient,true,1,queued,C:\Users\sam\Documents\healthscan\data\raw\mrf\ucsd-standardcharges.json,matched,186,186,large_local_json
Scripps Green Hospital,Scripps Health,San Diego,https://apps.scripps.org/pricetransparency/951684089_Scripps-Green-Hospital_standardcharges.csv,search_ready,Gallbladder removal,CPT,47562,outpatient,true,1,queued,C:\Users\sam\Documents\healthscan\data\raw\mrf\scripps-green-standardcharges.csv,matched,129,129,full_local_csv
Scripps Green Hospital,Scripps Health,San Diego,https://apps.scripps.org/pricetransparency/951684089_Scripps-Green-Hospital_standardcharges.csv,search_ready,Gallbladder removal,CPT,47563,outpatient,false,2,queued,C:\Users\sam\Documents\healthscan\data\raw\mrf\scripps-green-standardcharges.csv,matched,129,129,full_local_csv
Scripps Green Hospital,Scripps Health,San Diego,https://apps.scripps.org/pricetransparency/951684089_Scripps-Green-Hospital_standardcharges.csv,search_ready,Hernia repair,CPT,49505,outpatient,true,1,queued,C:\Users\sam\Documents\healthscan\data\raw\mrf\scripps-green-standardcharges.csv,matched,379,379,full_local_csv
Scripps Green Hospital,Scripps Health,San Diego,https://apps.scripps.org/pricetransparency/951684089_Scripps-Green-Hospital_standardcharges.csv,search_ready,Hernia repair,CPT,49650,outpatient,false,2,queued,C:\Users\sam\Documents\healthscan\data\raw\mrf\scripps-green-standardcharges.csv,matched,266,266,full_local_csv
Scripps Green Hospital,Scripps Health,San Diego,https://apps.scripps.org/pricetransparency/951684089_Scripps-Green-Hospital_standardcharges.csv,search_ready,Hysterectomy,CPT,58571,outpatient,true,1,queued,C:\Users\sam\Documents\healthscan\data\raw\mrf\scripps-green-standardcharges.csv,matched,133,133,full_local_csv
Scripps Green Hospital,Scripps Health,San Diego,https://apps.scripps.org/pricetransparency/951684089_Scripps-Green-Hospital_standardcharges.csv,search_ready,Hysterectomy,CPT,58150,outpatient,false,2,queued,C:\Users\sam\Documents\healthscan\data\raw\mrf\scripps-green-standardcharges.csv,no_match,0,0,full_local_csv
Scripps Green Hospital,Scripps Health,San Diego,https://apps.scripps.org/pricetransparency/951684089_Scripps-Green-Hospital_standardcharges.csv,search_ready,Cataract surgery,CPT,66984,outpatient,true,1,queued,C:\Users\sam\Documents\healthscan\data\raw\mrf\scripps-green-standardcharges.csv,matched,129,129,full_local_csv
Scripps Green Hospital,Scripps Health,San Diego,https://apps.scripps.org/pricetransparency/951684089_Scripps-Green-Hospital_standardcharges.csv,search_ready,Upper endoscopy,CPT,43235,outpatient,true,1,queued,C:\Users\sam\Documents\healthscan\data\raw\mrf\scripps-green-standardcharges.csv,matched,438,438,full_local_csv
Scripps Green Hospital,Scripps Health,San Diego,https://apps.scripps.org/pricetransparency/951684089_Scripps-Green-Hospital_standardcharges.csv,search_ready,Upper endoscopy,CPT,43239,outpatient,false,2,queued,C:\Users\sam\Documents\healthscan\data\raw\mrf\scripps-green-standardcharges.csv,matched,402,402,full_local_csv
Scripps Green Hospital,Scripps Health,San Diego,https://apps.scripps.org/pricetransparency/951684089_Scripps-Green-Hospital_standardcharges.csv,search_ready,Screening mammogram,CPT,77067,outpatient,true,1,queued,C:\Users\sam\Documents\healthscan\data\raw\mrf\scripps-green-standardcharges.csv,matched,564,564,full_local_csv
Scripps Green Hospital,Scripps Health,San Diego,https://apps.scripps.org/pricetransparency/951684089_Scripps-Green-Hospital_standardcharges.csv,search_ready,Chest X-ray,CPT,71046,outpatient,true,1,queued,C:\Users\sam\Documents\healthscan\data\raw\mrf\scripps-green-standardcharges.csv,matched,204,204,full_local_csv
Scripps Green Hospital,Scripps Health,San Diego,https://apps.scripps.org/pricetransparency/951684089_Scripps-Green-Hospital_standardcharges.csv,search_ready,Chest X-ray,CPT,71045,outpatient,false,2,queued,C:\Users\sam\Documents\healthscan\data\raw\mrf\scripps-green-standardcharges.csv,matched,322,322,full_local_csv
Scripps Green Hospital,Scripps Health,San Diego,https://apps.scripps.org/pricetransparency/951684089_Scripps-Green-Hospital_standardcharges.csv,search_ready,Abdominal ultrasound,CPT,76700,outpatient,true,1,queued,C:\Users\sam\Documents\healthscan\data\raw\mrf\scripps-green-standardcharges.csv,matched,133,133,full_local_csv
Scripps Green Hospital,Scripps Health,San Diego,https://apps.scripps.org/pricetransparency/951684089_Scripps-Green-Hospital_standardcharges.csv,search_ready,Abdominal ultrasound,CPT,76705,outpatient,false,2,queued,C:\Users\sam\Documents\healthscan\data\raw\mrf\scripps-green-standardcharges.csv,matched,282,282,full_local_csv
Scripps Green Hospital,Scripps Health,San Diego,https://apps.scripps.org/pricetransparency/951684089_Scripps-Green-Hospital_standardcharges.csv,search_ready,Echocardiogram,CPT,93306,outpatient,true,1,queued,C:\Users\sam\Documents\healthscan\data\raw\mrf\scripps-green-standardcharges.csv,matched,266,266,full_local_csv
Scripps Green Hospital,Scripps Health,San Diego,https://apps.scripps.org/pricetransparency/951684089_Scripps-Green-Hospital_standardcharges.csv,search_ready,EKG,CPT,93000,outpatient,true,1,queued,C:\Users\sam\Documents\healthscan\data\raw\mrf\scripps-green-standardcharges.csv,no_match,0,0,full_local_csv
Scripps Green Hospital,Scripps Health,San Diego,https://apps.scripps.org/pricetransparency/951684089_Scripps-Green-Hospital_standardcharges.csv,search_ready,EKG,CPT,93005,outpatient,false,2,queued,C:\Users\sam\Documents\healthscan\data\raw\mrf\scripps-green-standardcharges.csv,matched,145,145,full_local_csv
Scripps Green Hospital,Scripps Health,San Diego,https://apps.scripps.org/pricetransparency/951684089_Scripps-Green-Hospital_standardcharges.csv,search_ready,Physical therapy evaluation,CPT,97161,outpatient,true,1,queued,C:\Users\sam\Documents\healthscan\data\raw\mrf\scripps-green-standardcharges.csv,matched,133,133,full_local_csv
Scripps Green Hospital,Scripps Health,San Diego,https://apps.scripps.org/pricetransparency/951684089_Scripps-Green-Hospital_standardcharges.csv,search_ready,Physical therapy evaluation,CPT,97162,outpatient,false,2,queued,C:\Users\sam\Documents\healthscan\data\raw\mrf\scripps-green-standardcharges.csv,matched,133,133,full_local_csv
Scripps Green Hospital,Scripps Health,San Diego,https://apps.scripps.org/pricetransparency/951684089_Scripps-Green-Hospital_standardcharges.csv,search_ready,Complete blood count,CPT,85025,outpatient,true,1,queued,C:\Users\sam\Documents\healthscan\data\raw\mrf\scripps-green-standardcharges.csv,matched,133,133,full_local_csv
Scripps Green Hospital,Scripps Health,San Diego,https://apps.scripps.org/pricetransparency/951684089_Scripps-Green-Hospital_standardcharges.csv,search_ready,Complete blood count,CPT,85027,outpatient,false,2,queued,C:\Users\sam\Documents\healthscan\data\raw\mrf\scripps-green-standardcharges.csv,matched,133,133,full_local_csv
Scripps Green Hospital,Scripps Health,San Diego,https://apps.scripps.org/pricetransparency/951684089_Scripps-Green-Hospital_standardcharges.csv,search_ready,Basic metabolic panel,CPT,80048,outpatient,true,1,queued,C:\Users\sam\Documents\healthscan\data\raw\mrf\scripps-green-standardcharges.csv,matched,141,141,full_local_csv
Scripps Green Hospital,Scripps Health,San Diego,https://apps.scripps.org/pricetransparency/951684089_Scripps-Green-Hospital_standardcharges.csv,search_ready,Lipid panel,CPT,80061,outpatient,true,1,queued,C:\Users\sam\Documents\healthscan\data\raw\mrf\scripps-green-standardcharges.csv,no_match,0,0,full_local_csv
Scripps Green Hospital,Scripps Health,San Diego,https://apps.scripps.org/pricetransparency/951684089_Scripps-Green-Hospital_standardcharges.csv,search_ready,Hemoglobin A1c,CPT,83036,outpatient,true,1,queued,C:\Users\sam\Documents\healthscan\data\raw\mrf\scripps-green-standardcharges.csv,matched,149,149,full_local_csv
Scripps Green Hospital,Scripps Health,San Diego,https://apps.scripps.org/pricetransparency/951684089_Scripps-Green-Hospital_standardcharges.csv,search_ready,COVID test,CPT,87635,outpatient,true,1,queued,C:\Users\sam\Documents\healthscan\data\raw\mrf\scripps-green-standardcharges.csv,matched,133,133,full_local_csv
Scripps Green Hospital,Scripps Health,San Diego,https://apps.scripps.org/pricetransparency/951684089_Scripps-Green-Hospital_standardcharges.csv,search_ready,COVID test,CPT,87426,outpatient,false,2,queued,C:\Users\sam\Documents\healthscan\data\raw\mrf\scripps-green-standardcharges.csv,matched,133,133,full_local_csv
Scripps Green Hospital,Scripps Health,San Diego,https://apps.scripps.org/pricetransparency/951684089_Scripps-Green-Hospital_standardcharges.csv,search_ready,Sleep study,CPT,95810,outpatient,true,1,queued,C:\Users\sam\Documents\healthscan\data\raw\mrf\scripps-green-standardcharges.csv,matched,129,129,full_local_csv
Scripps Green Hospital,Scripps Health,San Diego,https://apps.scripps.org/pricetransparency/951684089_Scripps-Green-Hospital_standardcharges.csv,search_ready,Sleep study,CPT,95811,outpatient,false,2,queued,C:\Users\sam\Documents\healthscan\data\raw\mrf\scripps-green-standardcharges.csv,matched,129,129,full_local_csv
Scripps Green Hospital,Scripps Health,San Diego,https://apps.scripps.org/pricetransparency/951684089_Scripps-Green-Hospital_standardcharges.csv,search_ready,Tonsillectomy,CPT,42826,outpatient,true,1,queued,C:\Users\sam\Documents\healthscan\data\raw\mrf\scripps-green-standardcharges.csv,matched,133,133,full_local_csv
Scripps Green Hospital,Scripps Health,San Diego,https://apps.scripps.org/pricetransparency/951684089_Scripps-Green-Hospital_standardcharges.csv,search_ready,Tonsillectomy,CPT,42825,outpatient,false,2,queued,C:\Users\sam\Documents\healthscan\data\raw\mrf\scripps-green-standardcharges.csv,no_match,0,0,full_local_csv
Scripps Green Hospital,Scripps Health,San Diego,https://apps.scripps.org/pricetransparency/951684089_Scripps-Green-Hospital_standardcharges.csv,search_ready,Mastectomy,CPT,19303,outpatient,true,1,queued,C:\Users\sam\Documents\healthscan\data\raw\mrf\scripps-green-standardcharges.csv,matched,266,266,full_local_csv
Scripps Green Hospital,Scripps Health,San Diego,https://apps.scripps.org/pricetransparency/951684089_Scripps-Green-Hospital_standardcharges.csv,search_ready,Mastectomy,CPT,19301,outpatient,false,2,queued,C:\Users\sam\Documents\healthscan\data\raw\mrf\scripps-green-standardcharges.csv,matched,392,392,full_local_csv
Scripps Green Hospital,Scripps Health,San Diego,https://apps.scripps.org/pricetransparency/951684089_Scripps-Green-Hospital_standardcharges.csv,search_ready,Prostate biopsy,CPT,55700,outpatient,true,1,queued,C:\Users\sam\Documents\healthscan\data\raw\mrf\scripps-green-standardcharges.csv,no_match,0,0,full_local_csv
Sharp Chula Vista Medical Center,Sharp HealthCare,San Diego,https://downloads.ctfassets.net/pxcfulgsd9e2/D4fRN51N03oyjM0c54C1U/cbd502f0357445b1fc46bdeaac647efc/95-2367304_sharp-chula-vista-medical-center_standardcharges.csv,search_ready,Gallbladder removal,CPT,47562,outpatient,true,1,queued,C:\Users\sam\Documents\healthscan\data\raw\mrf\sharp-chula-vista-standardcharges.csv,no_match,0,0,full_local_csv
Sharp Chula Vista Medical Center,Sharp HealthCare,San Diego,https://downloads.ctfassets.net/pxcfulgsd9e2/D4fRN51N03oyjM0c54C1U/cbd502f0357445b1fc46bdeaac647efc/95-2367304_sharp-chula-vista-medical-center_standardcharges.csv,search_ready,Gallbladder removal,CPT,47563,outpatient,false,2,queued,C:\Users\sam\Documents\healthscan\data\raw\mrf\sharp-chula-vista-standardcharges.csv,no_match,0,0,full_local_csv
Sharp Chula Vista Medical Center,Sharp HealthCare,San Diego,https://downloads.ctfassets.net/pxcfulgsd9e2/D4fRN51N03oyjM0c54C1U/cbd502f0357445b1fc46bdeaac647efc/95-2367304_sharp-chula-vista-medical-center_standardcharges.csv,search_ready,Hernia repair,CPT,49505,outpatient,true,1,queued,C:\Users\sam\Documents\healthscan\data\raw\mrf\sharp-chula-vista-standardcharges.csv,no_match,0,0,full_local_csv
Sharp Chula Vista Medical Center,Sharp HealthCare,San Diego,https://downloads.ctfassets.net/pxcfulgsd9e2/D4fRN51N03oyjM0c54C1U/cbd502f0357445b1fc46bdeaac647efc/95-2367304_sharp-chula-vista-medical-center_standardcharges.csv,search_ready,Hernia repair,CPT,49650,outpatient,false,2,queued,C:\Users\sam\Documents\healthscan\data\raw\mrf\sharp-chula-vista-standardcharges.csv,no_match,0,0,full_local_csv
Sharp Chula Vista Medical Center,Sharp HealthCare,San Diego,https://downloads.ctfassets.net/pxcfulgsd9e2/D4fRN51N03oyjM0c54C1U/cbd502f0357445b1fc46bdeaac647efc/95-2367304_sharp-chula-vista-medical-center_standardcharges.csv,search_ready,Hysterectomy,CPT,58571,outpatient,true,1,queued,C:\Users\sam\Documents\healthscan\data\raw\mrf\sharp-chula-vista-standardcharges.csv,no_match,0,0,full_local_csv
Sharp Chula Vista Medical Center,Sharp HealthCare,San Diego,https://downloads.ctfassets.net/pxcfulgsd9e2/D4fRN51N03oyjM0c54C1U/cbd502f0357445b1fc46bdeaac647efc/95-2367304_sharp-chula-vista-medical-center_standardcharges.csv,search_ready,Hysterectomy,CPT,58150,outpatient,false,2,queued,C:\Users\sam\Documents\healthscan\data\raw\mrf\sharp-chula-vista-standardcharges.csv,no_match,0,0,full_local_csv
Sharp Chula Vista Medical Center,Sharp HealthCare,San Diego,https://downloads.ctfassets.net/pxcfulgsd9e2/D4fRN51N03oyjM0c54C1U/cbd502f0357445b1fc46bdeaac647efc/95-2367304_sharp-chula-vista-medical-center_standardcharges.csv,search_ready,Cataract surgery,CPT,66984,outpatient,true,1,queued,C:\Users\sam\Documents\healthscan\data\raw\mrf\sharp-chula-vista-standardcharges.csv,no_match,0,0,full_local_csv
Sharp Chula Vista Medical Center,Sharp HealthCare,San Diego,https://downloads.ctfassets.net/pxcfulgsd9e2/D4fRN51N03oyjM0c54C1U/cbd502f0357445b1fc46bdeaac647efc/95-2367304_sharp-chula-vista-medical-center_standardcharges.csv,search_ready,Upper endoscopy,CPT,43235,outpatient,true,1,queued,C:\Users\sam\Documents\healthscan\data\raw\mrf\sharp-chula-vista-standardcharges.csv,matched,46,46,full_local_csv
Sharp Chula Vista Medical Center,Sharp HealthCare,San Diego,https://downloads.ctfassets.net/pxcfulgsd9e2/D4fRN51N03oyjM0c54C1U/cbd502f0357445b1fc46bdeaac647efc/95-2367304_sharp-chula-vista-medical-center_standardcharges.csv,search_ready,Upper endoscopy,CPT,43239,outpatient,false,2,queued,C:\Users\sam\Documents\healthscan\data\raw\mrf\sharp-chula-vista-standardcharges.csv,matched,86,86,full_local_csv
Sharp Chula Vista Medical Center,Sharp HealthCare,San Diego,https://downloads.ctfassets.net/pxcfulgsd9e2/D4fRN51N03oyjM0c54C1U/cbd502f0357445b1fc46bdeaac647efc/95-2367304_sharp-chula-vista-medical-center_standardcharges.csv,search_ready,Screening mammogram,CPT,77067,outpatient,true,1,queued,C:\Users\sam\Documents\healthscan\data\raw\mrf\sharp-chula-vista-standardcharges.csv,matched,45,45,full_local_csv
Sharp Chula Vista Medical Center,Sharp HealthCare,San Diego,https://downloads.ctfassets.net/pxcfulgsd9e2/D4fRN51N03oyjM0c54C1U/cbd502f0357445b1fc46bdeaac647efc/95-2367304_sharp-chula-vista-medical-center_standardcharges.csv,search_ready,Chest X-ray,CPT,71046,outpatient,true,1,queued,C:\Users\sam\Documents\healthscan\data\raw\mrf\sharp-chula-vista-standardcharges.csv,matched,49,49,full_local_csv
Sharp Chula Vista Medical Center,Sharp HealthCare,San Diego,https://downloads.ctfassets.net/pxcfulgsd9e2/D4fRN51N03oyjM0c54C1U/cbd502f0357445b1fc46bdeaac647efc/95-2367304_sharp-chula-vista-medical-center_standardcharges.csv,search_ready,Chest X-ray,CPT,71045,outpatient,false,2,queued,C:\Users\sam\Documents\healthscan\data\raw\mrf\sharp-chula-vista-standardcharges.csv,matched,43,43,full_local_csv
Sharp Chula Vista Medical Center,Sharp HealthCare,San Diego,https://downloads.ctfassets.net/pxcfulgsd9e2/D4fRN51N03oyjM0c54C1U/cbd502f0357445b1fc46bdeaac647efc/95-2367304_sharp-chula-vista-medical-center_standardcharges.csv,search_ready,Abdominal ultrasound,CPT,76700,outpatient,true,1,queued,C:\Users\sam\Documents\healthscan\data\raw\mrf\sharp-chula-vista-standardcharges.csv,matched,49,49,full_local_csv
Sharp Chula Vista Medical Center,Sharp HealthCare,San Diego,https://downloads.ctfassets.net/pxcfulgsd9e2/D4fRN51N03oyjM0c54C1U/cbd502f0357445b1fc46bdeaac647efc/95-2367304_sharp-chula-vista-medical-center_standardcharges.csv,search_ready,Abdominal ultrasound,CPT,76705,outpatient,false,2,queued,C:\Users\sam\Documents\healthscan\data\raw\mrf\sharp-chula-vista-standardcharges.csv,matched,48,48,full_local_csv
Sharp Chula Vista Medical Center,Sharp HealthCare,San Diego,https://downloads.ctfassets.net/pxcfulgsd9e2/D4fRN51N03oyjM0c54C1U/cbd502f0357445b1fc46bdeaac647efc/95-2367304_sharp-chula-vista-medical-center_standardcharges.csv,search_ready,Echocardiogram,CPT,93306,outpatient,true,1,queued,C:\Users\sam\Documents\healthscan\data\raw\mrf\sharp-chula-vista-standardcharges.csv,matched,81,81,full_local_csv
Sharp Chula Vista Medical Center,Sharp HealthCare,San Diego,https://downloads.ctfassets.net/pxcfulgsd9e2/D4fRN51N03oyjM0c54C1U/cbd502f0357445b1fc46bdeaac647efc/95-2367304_sharp-chula-vista-medical-center_standardcharges.csv,search_ready,EKG,CPT,93000,outpatient,true,1,queued,C:\Users\sam\Documents\healthscan\data\raw\mrf\sharp-chula-vista-standardcharges.csv,no_match,0,0,full_local_csv
Sharp Chula Vista Medical Center,Sharp HealthCare,San Diego,https://downloads.ctfassets.net/pxcfulgsd9e2/D4fRN51N03oyjM0c54C1U/cbd502f0357445b1fc46bdeaac647efc/95-2367304_sharp-chula-vista-medical-center_standardcharges.csv,search_ready,EKG,CPT,93005,outpatient,false,2,queued,C:\Users\sam\Documents\healthscan\data\raw\mrf\sharp-chula-vista-standardcharges.csv,matched,47,47,full_local_csv
Sharp Chula Vista Medical Center,Sharp HealthCare,San Diego,https://downloads.ctfassets.net/pxcfulgsd9e2/D4fRN51N03oyjM0c54C1U/cbd502f0357445b1fc46bdeaac647efc/95-2367304_sharp-chula-vista-medical-center_standardcharges.csv,search_ready,Physical therapy evaluation,CPT,97161,outpatient,true,1,queued,C:\Users\sam\Documents\healthscan\data\raw\mrf\sharp-chula-vista-standardcharges.csv,matched,37,37,full_local_csv
Sharp Chula Vista Medical Center,Sharp HealthCare,San Diego,https://downloads.ctfassets.net/pxcfulgsd9e2/D4fRN51N03oyjM0c54C1U/cbd502f0357445b1fc46bdeaac647efc/95-2367304_sharp-chula-vista-medical-center_standardcharges.csv,search_ready,Physical therapy evaluation,CPT,97162,outpatient,false,2,queued,C:\Users\sam\Documents\healthscan\data\raw\mrf\sharp-chula-vista-standardcharges.csv,matched,38,38,full_local_csv
Sharp Chula Vista Medical Center,Sharp HealthCare,San Diego,https://downloads.ctfassets.net/pxcfulgsd9e2/D4fRN51N03oyjM0c54C1U/cbd502f0357445b1fc46bdeaac647efc/95-2367304_sharp-chula-vista-medical-center_standardcharges.csv,search_ready,Complete blood count,CPT,85025,outpatient,true,1,queued,C:\Users\sam\Documents\healthscan\data\raw\mrf\sharp-chula-vista-standardcharges.csv,matched,41,41,full_local_csv
Sharp Chula Vista Medical Center,Sharp HealthCare,San Diego,https://downloads.ctfassets.net/pxcfulgsd9e2/D4fRN51N03oyjM0c54C1U/cbd502f0357445b1fc46bdeaac647efc/95-2367304_sharp-chula-vista-medical-center_standardcharges.csv,search_ready,Complete blood count,CPT,85027,outpatient,false,2,queued,C:\Users\sam\Documents\healthscan\data\raw\mrf\sharp-chula-vista-standardcharges.csv,matched,46,46,full_local_csv
Sharp Chula Vista Medical Center,Sharp HealthCare,San Diego,https://downloads.ctfassets.net/pxcfulgsd9e2/D4fRN51N03oyjM0c54C1U/cbd502f0357445b1fc46bdeaac647efc/95-2367304_sharp-chula-vista-medical-center_standardcharges.csv,search_ready,Basic metabolic panel,CPT,80048,outpatient,true,1,queued,C:\Users\sam\Documents\healthscan\data\raw\mrf\sharp-chula-vista-standardcharges.csv,matched,41,41,full_local_csv
Sharp Chula Vista Medical Center,Sharp HealthCare,San Diego,https://downloads.ctfassets.net/pxcfulgsd9e2/D4fRN51N03oyjM0c54C1U/cbd502f0357445b1fc46bdeaac647efc/95-2367304_sharp-chula-vista-medical-center_standardcharges.csv,search_ready,Lipid panel,CPT,80061,outpatient,true,1,queued,C:\Users\sam\Documents\healthscan\data\raw\mrf\sharp-chula-vista-standardcharges.csv,matched,82,82,full_local_csv
Sharp Chula Vista Medical Center,Sharp HealthCare,San Diego,https://downloads.ctfassets.net/pxcfulgsd9e2/D4fRN51N03oyjM0c54C1U/cbd502f0357445b1fc46bdeaac647efc/95-2367304_sharp-chula-vista-medical-center_standardcharges.csv,search_ready,Hemoglobin A1c,CPT,83036,outpatient,true,1,queued,C:\Users\sam\Documents\healthscan\data\raw\mrf\sharp-chula-vista-standardcharges.csv,matched,47,47,full_local_csv
Sharp Chula Vista Medical Center,Sharp HealthCare,San Diego,https://downloads.ctfassets.net/pxcfulgsd9e2/D4fRN51N03oyjM0c54C1U/cbd502f0357445b1fc46bdeaac647efc/95-2367304_sharp-chula-vista-medical-center_standardcharges.csv,search_ready,COVID test,CPT,87635,outpatient,true,1,queued,C:\Users\sam\Documents\healthscan\data\raw\mrf\sharp-chula-vista-standardcharges.csv,matched,44,44,full_local_csv
Sharp Chula Vista Medical Center,Sharp HealthCare,San Diego,https://downloads.ctfassets.net/pxcfulgsd9e2/D4fRN51N03oyjM0c54C1U/cbd502f0357445b1fc46bdeaac647efc/95-2367304_sharp-chula-vista-medical-center_standardcharges.csv,search_ready,COVID test,CPT,87426,outpatient,false,2,queued,C:\Users\sam\Documents\healthscan\data\raw\mrf\sharp-chula-vista-standardcharges.csv,matched,47,47,full_local_csv
Sharp Chula Vista Medical Center,Sharp HealthCare,San Diego,https://downloads.ctfassets.net/pxcfulgsd9e2/D4fRN51N03oyjM0c54C1U/cbd502f0357445b1fc46bdeaac647efc/95-2367304_sharp-chula-vista-medical-center_standardcharges.csv,search_ready,Sleep study,CPT,95810,outpatient,true,1,queued,C:\Users\sam\Documents\healthscan\data\raw\mrf\sharp-chula-vista-standardcharges.csv,matched,54,54,full_local_csv
Sharp Chula Vista Medical Center,Sharp HealthCare,San Diego,https://downloads.ctfassets.net/pxcfulgsd9e2/D4fRN51N03oyjM0c54C1U/cbd502f0357445b1fc46bdeaac647efc/95-2367304_sharp-chula-vista-medical-center_standardcharges.csv,search_ready,Sleep study,CPT,95811,outpatient,false,2,queued,C:\Users\sam\Documents\healthscan\data\raw\mrf\sharp-chula-vista-standardcharges.csv,matched,50,50,full_local_csv
Sharp Chula Vista Medical Center,Sharp HealthCare,San Diego,https://downloads.ctfassets.net/pxcfulgsd9e2/D4fRN51N03oyjM0c54C1U/cbd502f0357445b1fc46bdeaac647efc/95-2367304_sharp-chula-vista-medical-center_standardcharges.csv,search_ready,Tonsillectomy,CPT,42826,outpatient,true,1,queued,C:\Users\sam\Documents\healthscan\data\raw\mrf\sharp-chula-vista-standardcharges.csv,no_match,0,0,full_local_csv
Sharp Chula Vista Medical Center,Sharp HealthCare,San Diego,https://downloads.ctfassets.net/pxcfulgsd9e2/D4fRN51N03oyjM0c54C1U/cbd502f0357445b1fc46bdeaac647efc/95-2367304_sharp-chula-vista-medical-center_standardcharges.csv,search_ready,Tonsillectomy,CPT,42825,outpatient,false,2,queued,C:\Users\sam\Documents\healthscan\data\raw\mrf\sharp-chula-vista-standardcharges.csv,no_match,0,0,full_local_csv
Sharp Chula Vista Medical Center,Sharp HealthCare,San Diego,https://downloads.ctfassets.net/pxcfulgsd9e2/D4fRN51N03oyjM0c54C1U/cbd502f0357445b1fc46bdeaac647efc/95-2367304_sharp-chula-vista-medical-center_standardcharges.csv,search_ready,Mastectomy,CPT,19303,outpatient,true,1,queued,C:\Users\sam\Documents\healthscan\data\raw\mrf\sharp-chula-vista-standardcharges.csv,no_match,0,0,full_local_csv
Sharp Chula Vista Medical Center,Sharp HealthCare,San Diego,https://downloads.ctfassets.net/pxcfulgsd9e2/D4fRN51N03oyjM0c54C1U/cbd502f0357445b1fc46bdeaac647efc/95-2367304_sharp-chula-vista-medical-center_standardcharges.csv,search_ready,Mastectomy,CPT,19301,outpatient,false,2,queued,C:\Users\sam\Documents\healthscan\data\raw\mrf\sharp-chula-vista-standardcharges.csv,no_match,0,0,full_local_csv
Sharp Chula Vista Medical Center,Sharp HealthCare,San Diego,https://downloads.ctfassets.net/pxcfulgsd9e2/D4fRN51N03oyjM0c54C1U/cbd502f0357445b1fc46bdeaac647efc/95-2367304_sharp-chula-vista-medical-center_standardcharges.csv,search_ready,Prostate biopsy,CPT,55700,outpatient,true,1,queued,C:\Users\sam\Documents\healthscan\data\raw\mrf\sharp-chula-vista-standardcharges.csv,matched,47,47,full_local_csv
Rady Children's Hospital,Rady Children's Hospital,San Diego,https://www.rchsd.org/wp-content/uploads/2026/03/95-1691313_rady-childrens-hospital-san-diego_standardcharges.csv,search_ready,Gallbladder removal,CPT,47562,outpatient,true,1,queued,C:\Users\sam\Documents\healthscan\data\raw\mrf\rady-childrens-standardcharges.csv,matched,8,8,full_local_csv
Rady Children's Hospital,Rady Children's Hospital,San Diego,https://www.rchsd.org/wp-content/uploads/2026/03/95-1691313_rady-childrens-hospital-san-diego_standardcharges.csv,search_ready,Gallbladder removal,CPT,47563,outpatient,false,2,queued,C:\Users\sam\Documents\healthscan\data\raw\mrf\rady-childrens-standardcharges.csv,matched,8,8,full_local_csv
Rady Children's Hospital,Rady Children's Hospital,San Diego,https://www.rchsd.org/wp-content/uploads/2026/03/95-1691313_rady-childrens-hospital-san-diego_standardcharges.csv,search_ready,Hernia repair,CPT,49505,outpatient,true,1,queued,C:\Users\sam\Documents\healthscan\data\raw\mrf\rady-childrens-standardcharges.csv,matched,8,8,full_local_csv
Rady Children's Hospital,Rady Children's Hospital,San Diego,https://www.rchsd.org/wp-content/uploads/2026/03/95-1691313_rady-childrens-hospital-san-diego_standardcharges.csv,search_ready,Hernia repair,CPT,49650,outpatient,false,2,queued,C:\Users\sam\Documents\healthscan\data\raw\mrf\rady-childrens-standardcharges.csv,matched,8,8,full_local_csv
Rady Children's Hospital,Rady Children's Hospital,San Diego,https://www.rchsd.org/wp-content/uploads/2026/03/95-1691313_rady-childrens-hospital-san-diego_standardcharges.csv,search_ready,Hysterectomy,CPT,58571,outpatient,true,1,queued,C:\Users\sam\Documents\healthscan\data\raw\mrf\rady-childrens-standardcharges.csv,matched,8,8,full_local_csv
Rady Children's Hospital,Rady Children's Hospital,San Diego,https://www.rchsd.org/wp-content/uploads/2026/03/95-1691313_rady-childrens-hospital-san-diego_standardcharges.csv,search_ready,Hysterectomy,CPT,58150,outpatient,false,2,queued,C:\Users\sam\Documents\healthscan\data\raw\mrf\rady-childrens-standardcharges.csv,matched,8,8,full_local_csv
Rady Children's Hospital,Rady Children's Hospital,San Diego,https://www.rchsd.org/wp-content/uploads/2026/03/95-1691313_rady-childrens-hospital-san-diego_standardcharges.csv,search_ready,Cataract surgery,CPT,66984,outpatient,true,1,queued,C:\Users\sam\Documents\healthscan\data\raw\mrf\rady-childrens-standardcharges.csv,matched,8,8,full_local_csv
Rady Children's Hospital,Rady Children's Hospital,San Diego,https://www.rchsd.org/wp-content/uploads/2026/03/95-1691313_rady-childrens-hospital-san-diego_standardcharges.csv,search_ready,Upper endoscopy,CPT,43235,outpatient,true,1,queued,C:\Users\sam\Documents\healthscan\data\raw\mrf\rady-childrens-standardcharges.csv,matched,10,10,full_local_csv
Rady Children's Hospital,Rady Children's Hospital,San Diego,https://www.rchsd.org/wp-content/uploads/2026/03/95-1691313_rady-childrens-hospital-san-diego_standardcharges.csv,search_ready,Upper endoscopy,CPT,43239,outpatient,false,2,queued,C:\Users\sam\Documents\healthscan\data\raw\mrf\rady-childrens-standardcharges.csv,matched,10,10,full_local_csv
Rady Children's Hospital,Rady Children's Hospital,San Diego,https://www.rchsd.org/wp-content/uploads/2026/03/95-1691313_rady-childrens-hospital-san-diego_standardcharges.csv,search_ready,Screening mammogram,CPT,77067,outpatient,true,1,queued,C:\Users\sam\Documents\healthscan\data\raw\mrf\rady-childrens-standardcharges.csv,matched,3,3,full_local_csv
Rady Children's Hospital,Rady Children's Hospital,San Diego,https://www.rchsd.org/wp-content/uploads/2026/03/95-1691313_rady-childrens-hospital-san-diego_standardcharges.csv,search_ready,Chest X-ray,CPT,71046,outpatient,true,1,queued,C:\Users\sam\Documents\healthscan\data\raw\mrf\rady-childrens-standardcharges.csv,matched,21,21,full_local_csv
Rady Children's Hospital,Rady Children's Hospital,San Diego,https://www.rchsd.org/wp-content/uploads/2026/03/95-1691313_rady-childrens-hospital-san-diego_standardcharges.csv,search_ready,Chest X-ray,CPT,71045,outpatient,false,2,queued,C:\Users\sam\Documents\healthscan\data\raw\mrf\rady-childrens-standardcharges.csv,matched,14,14,full_local_csv
Rady Children's Hospital,Rady Children's Hospital,San Diego,https://www.rchsd.org/wp-content/uploads/2026/03/95-1691313_rady-childrens-hospital-san-diego_standardcharges.csv,search_ready,Abdominal ultrasound,CPT,76700,outpatient,true,1,queued,C:\Users\sam\Documents\healthscan\data\raw\mrf\rady-childrens-standardcharges.csv,matched,7,7,full_local_csv
Rady Children's Hospital,Rady Children's Hospital,San Diego,https://www.rchsd.org/wp-content/uploads/2026/03/95-1691313_rady-childrens-hospital-san-diego_standardcharges.csv,search_ready,Abdominal ultrasound,CPT,76705,outpatient,false,2,queued,C:\Users\sam\Documents\healthscan\data\raw\mrf\rady-childrens-standardcharges.csv,matched,18,18,full_local_csv
Rady Children's Hospital,Rady Children's Hospital,San Diego,https://www.rchsd.org/wp-content/uploads/2026/03/95-1691313_rady-childrens-hospital-san-diego_standardcharges.csv,search_ready,Echocardiogram,CPT,93306,outpatient,true,1,queued,C:\Users\sam\Documents\healthscan\data\raw\mrf\rady-childrens-standardcharges.csv,matched,12,12,full_local_csv
Rady Children's Hospital,Rady Children's Hospital,San Diego,https://www.rchsd.org/wp-content/uploads/2026/03/95-1691313_rady-childrens-hospital-san-diego_standardcharges.csv,search_ready,EKG,CPT,93000,outpatient,true,1,queued,C:\Users\sam\Documents\healthscan\data\raw\mrf\rady-childrens-standardcharges.csv,matched,6,6,full_local_csv
Rady Children's Hospital,Rady Children's Hospital,San Diego,https://www.rchsd.org/wp-content/uploads/2026/03/95-1691313_rady-childrens-hospital-san-diego_standardcharges.csv,search_ready,EKG,CPT,93005,outpatient,false,2,queued,C:\Users\sam\Documents\healthscan\data\raw\mrf\rady-childrens-standardcharges.csv,matched,12,12,full_local_csv
Rady Children's Hospital,Rady Children's Hospital,San Diego,https://www.rchsd.org/wp-content/uploads/2026/03/95-1691313_rady-childrens-hospital-san-diego_standardcharges.csv,search_ready,Physical therapy evaluation,CPT,97161,outpatient,true,1,queued,C:\Users\sam\Documents\healthscan\data\raw\mrf\rady-childrens-standardcharges.csv,matched,6,6,full_local_csv
Rady Children's Hospital,Rady Children's Hospital,San Diego,https://www.rchsd.org/wp-content/uploads/2026/03/95-1691313_rady-childrens-hospital-san-diego_standardcharges.csv,search_ready,Physical therapy evaluation,CPT,97162,outpatient,false,2,queued,C:\Users\sam\Documents\healthscan\data\raw\mrf\rady-childrens-standardcharges.csv,matched,7,7,full_local_csv
Rady Children's Hospital,Rady Children's Hospital,San Diego,https://www.rchsd.org/wp-content/uploads/2026/03/95-1691313_rady-childrens-hospital-san-diego_standardcharges.csv,search_ready,Complete blood count,CPT,85025,outpatient,true,1,queued,C:\Users\sam\Documents\healthscan\data\raw\mrf\rady-childrens-standardcharges.csv,matched,16,16,full_local_csv
Rady Children's Hospital,Rady Children's Hospital,San Diego,https://www.rchsd.org/wp-content/uploads/2026/03/95-1691313_rady-childrens-hospital-san-diego_standardcharges.csv,search_ready,Complete blood count,CPT,85027,outpatient,false,2,queued,C:\Users\sam\Documents\healthscan\data\raw\mrf\rady-childrens-standardcharges.csv,matched,15,15,full_local_csv
Rady Children's Hospital,Rady Children's Hospital,San Diego,https://www.rchsd.org/wp-content/uploads/2026/03/95-1691313_rady-childrens-hospital-san-diego_standardcharges.csv,search_ready,Basic metabolic panel,CPT,80048,outpatient,true,1,queued,C:\Users\sam\Documents\healthscan\data\raw\mrf\rady-childrens-standardcharges.csv,matched,12,12,full_local_csv
Rady Children's Hospital,Rady Children's Hospital,San Diego,https://www.rchsd.org/wp-content/uploads/2026/03/95-1691313_rady-childrens-hospital-san-diego_standardcharges.csv,search_ready,Lipid panel,CPT,80061,outpatient,true,1,queued,C:\Users\sam\Documents\healthscan\data\raw\mrf\rady-childrens-standardcharges.csv,matched,12,12,full_local_csv
Rady Children's Hospital,Rady Children's Hospital,San Diego,https://www.rchsd.org/wp-content/uploads/2026/03/95-1691313_rady-childrens-hospital-san-diego_standardcharges.csv,search_ready,Hemoglobin A1c,CPT,83036,outpatient,true,1,queued,C:\Users\sam\Documents\healthscan\data\raw\mrf\rady-childrens-standardcharges.csv,matched,9,9,full_local_csv
Rady Children's Hospital,Rady Children's Hospital,San Diego,https://www.rchsd.org/wp-content/uploads/2026/03/95-1691313_rady-childrens-hospital-san-diego_standardcharges.csv,search_ready,COVID test,CPT,87635,outpatient,true,1,queued,C:\Users\sam\Documents\healthscan\data\raw\mrf\rady-childrens-standardcharges.csv,matched,10,10,full_local_csv
Rady Children's Hospital,Rady Children's Hospital,San Diego,https://www.rchsd.org/wp-content/uploads/2026/03/95-1691313_rady-childrens-hospital-san-diego_standardcharges.csv,search_ready,COVID test,CPT,87426,outpatient,false,2,queued,C:\Users\sam\Documents\healthscan\data\raw\mrf\rady-childrens-standardcharges.csv,matched,4,4,full_local_csv
Rady Children's Hospital,Rady Children's Hospital,San Diego,https://www.rchsd.org/wp-content/uploads/2026/03/95-1691313_rady-childrens-hospital-san-diego_standardcharges.csv,search_ready,Sleep study,CPT,95810,outpatient,true,1,queued,C:\Users\sam\Documents\healthscan\data\raw\mrf\rady-childrens-standardcharges.csv,matched,3,3,full_local_csv
Rady Children's Hospital,Rady Children's Hospital,San Diego,https://www.rchsd.org/wp-content/uploads/2026/03/95-1691313_rady-childrens-hospital-san-diego_standardcharges.csv,search_ready,Sleep study,CPT,95811,outpatient,false,2,queued,C:\Users\sam\Documents\healthscan\data\raw\mrf\rady-childrens-standardcharges.csv,matched,3,3,full_local_csv
Rady Children's Hospital,Rady Children's Hospital,San Diego,https://www.rchsd.org/wp-content/uploads/2026/03/95-1691313_rady-childrens-hospital-san-diego_standardcharges.csv,search_ready,Tonsillectomy,CPT,42826,outpatient,true,1,queued,C:\Users\sam\Documents\healthscan\data\raw\mrf\rady-childrens-standardcharges.csv,matched,8,8,full_local_csv
Rady Children's Hospital,Rady Children's Hospital,San Diego,https://www.rchsd.org/wp-content/uploads/2026/03/95-1691313_rady-childrens-hospital-san-diego_standardcharges.csv,search_ready,Tonsillectomy,CPT,42825,outpatient,false,2,queued,C:\Users\sam\Documents\healthscan\data\raw\mrf\rady-childrens-standardcharges.csv,matched,8,8,full_local_csv
Rady Children's Hospital,Rady Children's Hospital,San Diego,https://www.rchsd.org/wp-content/uploads/2026/03/95-1691313_rady-childrens-hospital-san-diego_standardcharges.csv,search_ready,Mastectomy,CPT,19303,outpatient,true,1,queued,C:\Users\sam\Documents\healthscan\data\raw\mrf\rady-childrens-standardcharges.csv,matched,8,8,full_local_csv
Rady Children's Hospital,Rady Children's Hospital,San Diego,https://www.rchsd.org/wp-content/uploads/2026/03/95-1691313_rady-childrens-hospital-san-diego_standardcharges.csv,search_ready,Mastectomy,CPT,19301,outpatient,false,2,queued,C:\Users\sam\Documents\healthscan\data\raw\mrf\rady-childrens-standardcharges.csv,matched,8,8,full_local_csv
Rady Children's Hospital,Rady Children's Hospital,San Diego,https://www.rchsd.org/wp-content/uploads/2026/03/95-1691313_rady-childrens-hospital-san-diego_standardcharges.csv,search_ready,Prostate biopsy,CPT,55700,outpatient,true,1,queued,C:\Users\sam\Documents\healthscan\data\raw\mrf\rady-childrens-standardcharges.csv,matched,6,6,full_local_csv
